{"learner":{"attributes":{},"feature_names":[],"feature_types":[],"gradient_booster":{"model":{"gbtree_model_param":{"num_parallel_tree":"1","num_trees":"10"},"iteration_indptr":[0,1,2,3,4,5,6,7,8,9,10],"tree_info":[0,0,0,0,0,0,0,0,0,0],"trees":[{"base_weights":[2.8049245E-8,3.5959847E-2,-1.2585935E-2,5.7718776E-2,-1.474998E-2,9.765655E-3,7.687502E-2,-3.210935E-3,2.734375E-3,3.1250317E-4,1.4843763E-3,4.101563E-3,9.351566E-3],"categories":[],"categories_nodes":[],"categories_segments":[],"categories_sizes":[],"default_left":[0,0,0,0,0,0,0,0,0,0,0,0,0],"id":0,"left_children":[1,3,-1,5,7,9,11,-1,-1,-1,-1,-1,-1],"loss_changes":[8.1465855E-2,1.6298834E-2,0E0,8.435283E-3,4.5315935E-3,8.8499946E-5,3.414601E-4,0E0,0E0,0E0,0E0,0E0,0E0],"parents":[2147483647,0,0,1,1,3,3,4,4,5,5,6,6],"right_children":[2,4,-1,6,8,10,12,-1,-1,-1,-1,-1,-1],"split_conditions":[1E0,1.5499617E0,-1.2585935E-2,1.426786E0,1E0,1E0,1E0,-3.210935E-3,2.734375E-3,3.1250317E-4,1.4843763E-3,4.101563E-3,9.351566E-3],"split_indices":[7,139,0,138,144,10,11,0,0,0,0,0,0],"split_type":[0,0,0,0,0,0,0,0,0,0,0,0,0],"sum_hessian":[1.6E1,1.3E1,3E0,9E0,4E0,3E0,6E0,3E0,1E0,2E0,1E0,3E0,3E0],"tree_param":{"num_deleted":"0","num_feature":"180","num_nodes":"13","size_leaf_vector":"1"}},{"base_weights":[1.2868994E-4,3.3419106E-2,-1.1641994E-2,5.347191E-2,-1.3370323E-2,9.2383325E-3,7.11094E-2,-2.9701174E-3,2.597654E-3,2.9167335E-4,1.4101565E-3,3.793949E-3,8.650196E-3],"categories":[],"categories_nodes":[],"categories_segments":[],"categories_sizes":[],"default_left":[0,0,0,0,0,0,0,0,0,0,0,0,0],"id":1,"left_children":[1,3,-1,5,7,9,11,-1,-1,-1,-1,-1,-1],"loss_changes":[6.984984E-2,1.3850566E-2,0E0,7.1447566E-3,3.984372E-3,8.1843114E-5,2.9214844E-4,0E0,0E0,0E0,0E0,0E0,0E0],"parents":[2147483647,0,0,1,1,3,3,4,4,5,5,6,6],"right_children":[2,4,-1,6,8,10,12,-1,-1,-1,-1,-1,-1],"split_conditions":[1E0,1.5499617E0,-1.1641994E-2,1.426786E0,1E0,1E0,1E0,-2.9701174E-3,2.597654E-3,2.9167335E-4,1.4101565E-3,3.793949E-3,8.650196E-3],"split_indices":[7,139,0,138,144,10,11,0,0,0,0,0,0],"split_type":[0,0,0,0,0,0,0,0,0,0,0,0,0],"sum_hessian":[1.6E1,1.3E1,3E0,9E0,4E0,3E0,6E0,3E0,1E0,2E0,1E0,3E0,3E0],"tree_param":{"num_deleted":"0","num_feature":"180","num_nodes":"13","size_leaf_vector":"1"}},{"base_weights":[2.4119545E-4,3.106101E-2,-1.0768846E-2,4.9539316E-2,-1.2107802E-2,8.739948E-3,6.577619E-2,-2.74736E-3,2.4677694E-3,2.7222635E-4,1.3396501E-3,3.5094023E-3,8.001432E-3],"categories":[],"categories_nodes":[],"categories_segments":[],"categories_sizes":[],"default_left":[0,0,0,0,0,0,0,0,0,0,0,0,0],"id":2,"left_children":[1,3,-1,5,7,9,11,-1,-1,-1,-1,-1,-1],"loss_changes":[5.9893236E-2,1.1767422E-2,0E0,6.049663E-3,3.5041776E-3,7.561786E-5,2.499707E-4,0E0,0E0,0E0,0E0,0E0,0E0],"parents":[2147483647,0,0,1,1,3,3,4,4,5,5,6,6],"right_children":[2,4,-1,6,8,10,12,-1,-1,-1,-1,-1,-1],"split_conditions":[1E0,1.5499617E0,-1.0768846E-2,1.426786E0,1E0,1E0,1E0,-2.74736E-3,2.4677694E-3,2.7222635E-4,1.3396501E-3,3.5094023E-3,8.001432E-3],"split_indices":[7,139,0,138,144,10,11,0,0,0,0,0,0],"split_type":[0,0,0,0,0,0,0,0,0,0,0,0,0],"sum_hessian":[1.6E1,1.3E1,3E0,9E0,4E0,3E0,6E0,3E0,1E0,2E0,1E0,3E0,3E0],"tree_param":{"num_deleted":"0","num_feature":"180","num_nodes":"13","size_leaf_vector":"1"}},{"base_weights":[3.3910133E-4,2.8872278E-2,-9.961179E-3,4.589764E-2,-1.0952902E-2,8.268893E-3,6.0842972E-2,-2.5413036E-3,2.3443818E-3,2.5407475E-4,1.2726665E-3,3.2461972E-3,7.4013234E-3],"categories":[],"categories_nodes":[],"categories_segments":[],"categories_sizes":[],"default_left":[0,0,0,0,0,0,0,0,0,0,0,0,0],"id":3,"left_children":[1,3,-1,5,7,9,11,-1,-1,-1,-1,-1,-1],"loss_changes":[5.135859E-2,9.995244E-3,0E0,5.1206388E-3,3.0826847E-3,6.980382E-5,2.1388195E-4,0E0,0E0,0E0,0E0,0E0,0E0],"parents":[2147483647,0,0,1,1,3,3,4,4,5,5,6,6],"right_children":[2,4,-1,6,8,10,12,-1,-1,-1,-1,-1,-1],"split_conditions":[1E0,1.5499617E0,-9.961179E-3,1.426786E0,1E0,1E0,1E0,-2.5413036E-3,2.3443818E-3,2.5407475E-4,1.2726665E-3,3.2461972E-3,7.4013234E-3],"split_indices":[7,139,0,138,144,10,11,0,0,0,0,0,0],"split_type":[0,0,0,0,0,0,0,0,0,0,0,0,0],"sum_hessian":[1.6E1,1.3E1,3E0,9E0,4E0,3E0,6E0,3E0,1E0,2E0,1E0,3E0,3E0],"tree_param":{"num_deleted":"0","num_feature":"180","num_nodes":"13","size_leaf_vector":"1"}},{"base_weights":[4.23782E-4,2.6840577E-2,-9.214095E-3,4.2525303E-2,-9.896994E-3,7.823706E-3,5.6279745E-2,-2.350706E-3,2.2271634E-3,2.3713906E-4,1.2090326E-3,3.002733E-3,6.8462226E-3],"categories":[],"categories_nodes":[],"categories_segments":[],"categories_sizes":[],"default_left":[0,0,0,0,0,0,0,0,0,0,0,0,0],"id":4,"left_children":[1,3,-1,5,7,9,11,-1,-1,-1,-1,-1,-1],"loss_changes":[4.404259E-2,8.487937E-3,0E0,4.3326933E-3,2.712626E-3,6.438093E-5,1.8299744E-4,0E0,0E0,0E0,0E0,0E0,0E0],"parents":[2147483647,0,0,1,1,3,3,4,4,5,5,6,6],"right_children":[2,4,-1,6,8,10,12,-1,-1,-1,-1,-1,-1],"split_conditions":[1E0,1.5499617E0,-9.214095E-3,1.426786E0,1E0,1E0,1E0,-2.350706E-3,2.2271634E-3,2.3713906E-4,1.2090326E-3,3.002733E-3,6.8462226E-3],"split_indices":[7,139,0,138,144,10,11,0,0,0,0,0,0],"split_type":[0,0,0,0,0,0,0,0,0,0,0,0,0],"sum_hessian":[1.6E1,1.3E1,3E0,9E0,4E0,3E0,6E0,3E0,1E0,2E0,1E0,3E0,3E0],"tree_param":{"num_deleted":"0","num_feature":"180","num_nodes":"13","size_leaf_vector":"1"}},{"base_weights":[4.9654173E-4,2.4954489E-2,-8.523041E-3,3.9402295E-2,-8.932019E-3,7.402897E-3,5.2058764E-2,-2.1744042E-3,2.115804E-3,2.2133191E-4,1.1485815E-3,2.777526E-3,6.3327583E-3],"categories":[],"categories_nodes":[],"categories_segments":[],"categories_sizes":[],"default_left":[0,0,0,0,0,0,0,0,0,0,0,0,0],"id":5,"left_children":[1,3,-1,5,7,9,11,-1,-1,-1,-1,-1,-1],"loss_changes":[3.777087E-2,7.206141E-3,0E0,3.6646072E-3,2.387634E-3,5.9332728E-5,1.5658513E-4,0E0,0E0,0E0,0E0,0E0,0E0],"parents":[2147483647,0,0,1,1,3,3,4,4,5,5,6,6],"right_children":[2,4,-1,6,8,10,12,-1,-1,-1,-1,-1,-1],"split_conditions":[1E0,1.5499617E0,-8.523041E-3,1.426786E0,1E0,1E0,1E0,-2.1744042E-3,2.115804E-3,2.2133191E-4,1.1485815E-3,2.777526E-3,6.3327583E-3],"split_indices":[7,139,0,138,144,10,11,0,0,0,0,0,0],"split_type":[0,0,0,0,0,0,0,0,0,0,0,0,0],"sum_hessian":[1.6E1,1.3E1,3E0,9E0,4E0,3E0,6E0,3E0,1E0,2E0,1E0,3E0,3E0],"tree_param":{"num_deleted":"0","num_feature":"180","num_nodes":"13","size_leaf_vector":"1"}},{"base_weights":[5.585376E-4,2.3203416E-2,-7.883817E-3,3.651006E-2,-8.050561E-3,7.0050657E-3,4.8154335E-2,-2.011326E-3,2.0100118E-3,2.065738E-4,1.0911524E-3,2.5692077E-3,5.8578015E-3],"categories":[],"categories_nodes":[],"categories_segments":[],"categories_sizes":[],"default_left":[0,0,0,0,0,0,0,0,0,0,0,0,0],"id":6,"left_children":[1,3,-1,5,7,9,11,-1,-1,-1,-1,-1,-1],"loss_changes":[3.23941E-2,6.1163255E-3,0E0,3.0983184E-3,2.1021445E-3,5.464077E-5,1.3398379E-4,0E0,0E0,0E0,0E0,0E0,0E0],"parents":[2147483647,0,0,1,1,3,3,4,4,5,5,6,6],"right_children":[2,4,-1,6,8,10,12,-1,-1,-1,-1,-1,-1],"split_conditions":[1E0,1.5499617E0,-7.883817E-3,1.426786E0,1E0,1E0,1E0,-2.011326E-3,2.0100118E-3,2.065738E-4,1.0911524E-3,2.5692077E-3,5.8578015E-3],"split_indices":[7,139,0,138,144,10,11,0,0,0,0,0,0],"split_type":[0,0,0,0,0,0,0,0,0,0,0,0,0],"sum_hessian":[1.6E1,1.3E1,3E0,9E0,4E0,3E0,6E0,3E0,1E0,2E0,1E0,3E0,3E0],"tree_param":{"num_deleted":"0","num_feature":"180","num_nodes":"13","size_leaf_vector":"1"}},{"base_weights":[6.108845E-4,2.1577597E-2,-7.292533E-3,3.3831526E-2,-7.245779E-3,6.62899E-3,4.4542756E-2,-1.8604785E-3,1.9095123E-3,1.9280116E-4,1.0365964E-3,2.3765177E-3,5.4184645E-3],"categories":[],"categories_nodes":[],"categories_segments":[],"categories_sizes":[],"default_left":[0,0,0,0,0,0,0,0,0,0,0,0,0],"id":7,"left_children":[1,3,-1,5,7,9,11,-1,-1,-1,-1,-1,-1],"loss_changes":[2.7784368E-2,5.1899296E-3,0E0,2.6184525E-3,1.851293E-3,5.0284027E-5,1.1463836E-4,0E0,0E0,0E0,0E0,0E0,0E0],"parents":[2147483647,0,0,1,1,3,3,4,4,5,5,6,6],"right_children":[2,4,-1,6,8,10,12,-1,-1,-1,-1,-1,-1],